{
"lengthUnit": "mil",
"components": {
	"fields": ["COMPONENT_NO", "COMPONENT_NAME", "LAYER", "X_COORDINATE", "Y_COORDINATE", "ANGLE"],
	"rows": [
		[1, "C1", "T", 3645, -100, 270],
		[2, "C2", "T", 3080, -100, 270],
		[3, "C3", "T", 2825, -130, 270],
		[4, "C4", "T", 2610, -130, 90],
		[5, "C5", "T", 1280, -160, 0],
		[6, "C6", "T", 1280, 570, 180],
		[7, "C7", "T", 1280, 500, 180],
		[8, "C8", "T", 1280, 360, 180],
		[9, "C9", "T", 1280, 430, 180],
		[10, "C10", "T", 1280.04, 780, 180],
		[11, "C11", "T", 1280.04, 710, 180],
		[12, "C12", "T", 1280.04, 640, 180],
		[13, "C13", "T", 1280.04, 850, 180],
		[14, "C14", "T", 1344.88, 1200, 0],
		[15, "C15", "T", 1345, 1060, 0],
		[16, "C16", "T", 2250, 1100, 0],
		[17, "C17", "T", 2250, 1030, 0],
		[18, "C18", "T", 2685, 490, 0],
		[19, "C19", "T", 3005, 490, 0],
		[20, "C20", "T", 3005, 635, 0],
		[21, "C21", "T", 3005, 780, 0],
		[22, "C22", "T", 3320, 320, 90],
		[23, "C23", "T", 3165, 315, 90],
		[24, "C24", "T", 3070, 315, 90],
		[25, "C25", "T", 925, -510, 180],
		[26, "C26", "T", 100, 1270, 180],
		[27, "C27", "T", 1495, 1270, 180],
		[28, "C28", "T", 2050, 1480, 180],
		[29, "C29", "T", 3305, 1480, 180],
		[30, "CN1", "T", 2265, -680, 180],
		[31, "CN2", "T", 380, 715, 315],
		[32, "CN3", "T", 260, 595, 315],
		[33, "CN4", "T", 3825.01, 1110.01, 270],
		[34, "CN5", "T", 3810, 665, 90],
		[35, "CN6", "T", 3585, -650, 0],
		[36, "H1", "T", 1725, -575, 0],
		[37, "H2", "T", 1265, -921.69, 0],
		[38, "H3", "T", 965, -921.69, 0],
		[39, "H4", "T", 965, -780, 0],
		[40, "H5", "T", 1265, -780, 0],
		[41, "H6", "T", 3520, 720, 180],
		[42, "H7", "T", 3520, 605, 180],
		[43, "LED1", "T", 1460, -785, 0],
		[44, "LED2", "T", 1620, -785, 0],
		[45, "LED3", "T", 1780, -785, 0],
		[46, "LED4", "T", 1940, -785, 0],
		[47, "R1", "T", 2745, -130, 90],
		[48, "R2", "T", 2790, -270, 180],
		[49, "R3", "T", 2790, -340, 180],
		[50, "R4", "T", 2790, -410, 0],
		[51, "R5", "T", 1460, -860, 180],
		[52, "R6", "T", 1620, -860, 180],
		[53, "R7", "T", 1780, -860, 180],
		[54, "R8", "T", 1940, -860, 180],
		[55, "R9", "T", 1100, 570, 180],
		[56, "R10", "T", 1100, 500, 180],
		[57, "R11", "T", 1100, 360, 180],
		[58, "R12", "T", 1100, 430, 180],
		[59, "R13", "T", 1280, 120, 0],
		[60, "R14", "T", 1100, 780, 180],
		[61, "R15", "T", 1100, 710, 180],
		[62, "R16", "T", 1100, 640, 180],
		[63, "R17", "T", 1100, 850, 180],
		[64, "R18", "T", 1345, 1270, 180],
		[65, "R19", "T", 1345, 1130, 180],
		[66, "R20", "T", 2395, 1100, 0],
		[67, "R21", "T", 2395, 1030, 0],
		[68, "R22", "T", 2345, 35, 270],
		[69, "R23", "T", 2205, 35, 270],
		[70, "R24", "T", 2275, 35, 90],
		[71, "R25", "T", 2072, 320, 0],
		[72, "R26", "T", 2685, 635, 180],
		[73, "R27", "T", 3135, 490, 0],
		[74, "R28", "T", 3135, 635, 0],
		[75, "R29", "T", 3135, 780, 0],
		[76, "R30", "T", 1830, 235, 0],
		[77, "R31", "T", 1830, 320, 180],
		[78, "R32", "T", 2239.66, 235.34, 180],
		[79, "R33", "T", 2072, 235, 0],
		[80, "R34", "T", 3585, 410, 180],
		[81, "R35", "T", 1280, -300, 0],
		[82, "R36", "T", 1280, -370, 0],
		[83, "R37", "T", 1280, -60, 180],
		[84, "R38", "T", 1280, 15, 180],
		[85, "R39", "T", 1280, -230, 0],
		[86, "R40", "T", 1280, -440, 180],
		[87, "R41", "T", 925, -650, 180],
		[88, "R42", "T", 925, -580, 180],
		[89, "R43", "T", 100, 1130, 180],
		[90, "R44", "T", 100, 1200, 180],
		[91, "R45", "T", 1495, 1130, 180],
		[92, "R46", "T", 1495, 1200, 180],
		[93, "R47", "T", 2050, 1200, 180],
		[94, "R48", "T", 2050, 1270, 180],
		[95, "R49", "T", 3305, 1270, 180],
		[96, "R50", "T", 3306.22, 1340, 180],
		[97, "U1", "T", 3365, -105, 270],
		[98, "U2", "T", 2270, -280, 90],
		[99, "U3", "T", 1625, 715, 180],
		[100, "U4", "T", 2355, 590, 180],
		[101, "U5", "T", 3585, 260, 90],
		[102, "U6", "T", 1725, -265, 0],
		[103, "U7", "T", 1065, -270, 0],
		[104, "U8", "T", 370, 1230, 270],
		[105, "U9", "T", 1760, 1230, 270],
		[106, "U10", "T", 2310, 1230, 270],
		[107, "U11", "T", 3545, 1230, 270],
		[108, "U12", "T", 660, 455, 315],
		[109, "U13", "T", 515, 310, 315],
		[110, "U14", "T", 905, 210, 315],
		[111, "U15", "T", 760, 65, 315],
		[112, "U16", "T", 840, -265, 90],
		[113, "U17", "T", 365, 1430, 0],
		[114, "U18", "T", 740, 1450, 0],
		[115, "U19", "T", 740, 1245, 0],
		[116, "U20", "T", 740, 1040, 0],
		[117, "U21", "T", 1085, 1450, 0],
		[118, "U22", "T", 1420, 1430, 0],
		[119, "U23", "T", 2310, 1430, 0],
		[120, "U24", "T", 1085, 1245, 0],
		[121, "U25", "T", 1085, 1040, 0],
		[122, "U26", "T", 2660, 1450, 0],
		[123, "U27", "T", 2660, 1245, 0],
		[124, "U28", "T", 3540, 1430, 0],
		[125, "U29", "T", 2660, 1040, 0],
		[126, "U30", "T", 3005, 1450, 0],
		[127, "U31", "T", 3005, 1245, 0],
		[128, "U32", "T", 3005, 1040, 0],
		[129, "U33", "T", 2900, -820, 180],
		[130, "X1", "T", 2610, -345, 90],
		[131, "X2", "T", 1510, 455, 180],
		[132, "X3", "T", 2240, 320, 180],
		[133, "PAD1", "T", 1970, 968.74, 0],
		[134, "PAD1", "B", 1970, 968.74, 0],
		[135, "PAD2", "T", 1576.3, 240.39, 0],
		[136, "PAD2", "B", 1576.3, 240.39, 0],
		[137, "PAD3", "T", 2757.4, 240.39, 0],
		[138, "PAD3", "B", 2757.4, 240.39, 0]
	]
},
"pins": {
	"fields": ["PIN_NO", "PIN_NAME", "PIN_X", "PIN_Y", "LAYER", "PIN_TYPE", "NET_NAME", "NET_TYPE", "PAD_SHAPE", "PAD_SIZEX", "PAD_SIZEY", "HOLE_SIZE", "PAD_ANGLE"],
	"rows": [
		[1, "C1_1", 3645, -219, "T", "SMD", "VCC_5V", "", "R", 95.5, 98.42, 0, 90],
		[2, "C1_2", 3645, 19, "T", "SMD", "GND", "GND", "R", 95.5, 98.42, 0, 90],
		[3, "C2_1", 3080, -219, "T", "SMD", "VCC_3V3", "", "R", 95.5, 98.42, 0, 90],
		[4, "C2_2", 3080, 19, "T", "SMD", "GND", "GND", "R", 95.5, 98.42, 0, 90],
		[5, "C3_1", 2825, -102.44, "T", "SMD", "GND", "GND", "R", 31.5, 35.43, 0, 270],
		[6, "C3_2", 2825, -157.56, "T", "SMD", "NRST", "", "R", 31.5, 35.43, 0, 270],
		[7, "C4_1", 2610, -157.56, "T", "SMD", "GND", "GND", "R", 31.5, 35.43, 0, 90],
		[8, "C4_2", 2610, -102.44, "T", "SMD", "VCC_3V3", "", "R", 31.5, 35.43, 0, 90],
		[9, "C5_1", 1252.44, -160, "T", "SMD", "GND", "GND", "R", 31.5, 35.43, 0, 0],
		[10, "C5_2", 1307.56, -160, "T", "SMD", "VCC_3V3", "", "R", 31.5, 35.43, 0, 0],
		[11, "C6_1", 1307.56, 570, "T", "SMD", "GND", "GND", "R", 31.5, 35.43, 0, 180],
		[12, "C6_2", 1252.44, 570, "T", "SMD", "AIN0", "", "R", 31.5, 35.43, 0, 180],
		[13, "C7_1", 1307.56, 500, "T", "SMD", "GND", "GND", "R", 31.5, 35.43, 0, 180],
		[14, "C7_2", 1252.44, 500, "T", "SMD", "AIN1", "", "R", 31.5, 35.43, 0, 180],
		[15, "C8_1", 1307.56, 360, "T", "SMD", "GND", "GND", "R", 31.5, 35.43, 0, 180],
		[16, "C8_2", 1252.44, 360, "T", "SMD", "AIN2", "", "R", 31.5, 35.43, 0, 180],
		[17, "C9_1", 1307.56, 430, "T", "SMD", "GND", "GND", "R", 31.5, 35.43, 0, 180],
		[18, "C9_2", 1252.44, 430, "T", "SMD", "AIN3", "", "R", 31.5, 35.43, 0, 180],
		[19, "C10_1", 1307.6, 780, "T", "SMD", "GND", "GND", "R", 31.5, 35.43, 0, 180],
		[20, "C10_2", 1252.48, 780, "T", "SMD", "AIN4", "", "R", 31.5, 35.43, 0, 180],
		[21, "C11_1", 1307.6, 710, "T", "SMD", "GND", "GND", "R", 31.5, 35.43, 0, 180],
		[22, "C11_2", 1252.48, 710, "T", "SMD", "AIN5", "", "R", 31.5, 35.43, 0, 180],
		[23, "C12_1", 1307.6, 640, "T", "SMD", "GND", "GND", "R", 31.5, 35.43, 0, 180],
		[24, "C12_2", 1252.48, 640, "T", "SMD", "AIN6", "", "R", 31.5, 35.43, 0, 180],
		[25, "C13_1", 1307.6, 850, "T", "SMD", "GND", "GND", "R", 31.5, 35.43, 0, 180],
		[26, "C13_2", 1252.48, 850, "T", "SMD", "AIN7", "", "R", 31.5, 35.43, 0, 180],
		[27, "C14_1", 1317.32, 1200, "T", "SMD", "GND", "GND", "R", 31.5, 35.43, 0, 0],
		[28, "C14_2", 1372.44, 1200, "T", "SMD", "AIN8", "", "R", 31.5, 35.43, 0, 0],
		[29, "C15_1", 1317.44, 1060, "T", "SMD", "GND", "GND", "R", 31.5, 35.43, 0, 0],
		[30, "C15_2", 1372.56, 1060, "T", "SMD", "AIN9", "", "R", 31.5, 35.43, 0, 0],
		[31, "C16_1", 2222.44, 1100, "T", "SMD", "GND", "GND", "R", 31.5, 35.43, 0, 0],
		[32, "C16_2", 2277.56, 1100, "T", "SMD", "AIN10", "", "R", 31.5, 35.43, 0, 0],
		[33, "C17_1", 2222.44, 1030, "T", "SMD", "GND", "GND", "R", 31.5, 35.43, 0, 0],
		[34, "C17_2", 2277.56, 1030, "T", "SMD", "AIN11", "", "R", 31.5, 35.43, 0, 0],
		[35, "C18_1", 2657.44, 490, "T", "SMD", "GND", "GND", "R", 31.5, 35.43, 0, 0],
		[36, "C18_2", 2712.56, 490, "T", "SMD", "AIN12", "", "R", 31.5, 35.43, 0, 0],
		[37, "C19_1", 2977.44, 490, "T", "SMD", "GND", "GND", "R", 31.5, 35.43, 0, 0],
		[38, "C19_2", 3032.56, 490, "T", "SMD", "AIN13", "", "R", 31.5, 35.43, 0, 0],
		[39, "C20_1", 2977.44, 635, "T", "SMD", "GND", "GND", "R", 31.5, 35.43, 0, 0],
		[40, "C20_2", 3032.56, 635, "T", "SMD", "AIN14", "", "R", 31.5, 35.43, 0, 0],
		[41, "C21_1", 2977.44, 780, "T", "SMD", "GND", "GND", "R", 31.5, 35.43, 0, 0],
		[42, "C21_2", 3032.56, 780, "T", "SMD", "AIN15", "", "R", 31.5, 35.43, 0, 0],
		[43, "C22_1", 3320, 394.75, "T", "SMD", "VREF", "", "R", 74.8, 93.54, 0, 90],
		[44, "C22_2", 3320, 245.25, "T", "SMD", "GND", "GND", "R", 74.8, 93.54, 0, 90],
		[45, "C23_1", 3165, 287.44, "T", "SMD", "GND", "GND", "R", 31.5, 35.43, 0, 90],
		[46, "C23_2", 3165, 342.56, "T", "SMD", "VREF", "", "R", 31.5, 35.43, 0, 90],
		[47, "C24_1", 3070, 287.44, "T", "SMD", "GND", "GND", "R", 31.5, 35.43, 0, 90],
		[48, "C24_2", 3070, 342.56, "T", "SMD", "VREF", "", "R", 31.5, 35.43, 0, 90],
		[49, "C25_1", 952.56, -510, "T", "SMD", "$3N4299", "", "R", 31.5, 35.43, 0, 180],
		[50, "C25_2", 897.44, -510, "T", "SMD", "GND", "GND", "R", 31.5, 35.43, 0, 180],
		[51, "C26_1", 127.56, 1270, "T", "SMD", "$3N4649", "", "R", 31.5, 35.43, 0, 180],
		[52, "C26_2", 72.44, 1270, "T", "SMD", "GND", "GND", "R", 31.5, 35.43, 0, 180],
		[53, "C27_1", 1522.56, 1270, "T", "SMD", "$3N4999", "", "R", 31.5, 35.43, 0, 180],
		[54, "C27_2", 1467.44, 1270, "T", "SMD", "GND", "GND", "R", 31.5, 35.43, 0, 180],
		[55, "C28_1", 2077.56, 1480, "T", "SMD", "$3N5647", "", "R", 31.5, 35.43, 0, 180],
		[56, "C28_2", 2022.44, 1480, "T", "SMD", "GND", "GND", "R", 31.5, 35.43, 0, 180],
		[57, "C29_1", 3332.56, 1480, "T", "SMD", "$3N5690", "", "R", 31.5, 35.43, 0, 180],
		[58, "C29_2", 3277.44, 1480, "T", "SMD", "GND", "GND", "R", 31.5, 35.43, 0, 180],
		[59, "CN1_1", 2365, -680, "T", "DIP", "USART1_RX", "", "C", 70.87, 70.87, 47.2, 180],
		[60, "CN1_1", 2365, -680, "B", "DIP", "USART1_RX", "", "C", 70.87, 70.87, 47.2, 180],
		[61, "CN1_2", 2264.95, -680, "T", "DIP", "USART1_TX", "", "C", 70.87, 70.87, 47.2, 180],
		[62, "CN1_2", 2264.95, -680, "B", "DIP", "USART1_TX", "", "C", 70.87, 70.87, 47.2, 180],
		[63, "CN1_3", 2165, -680, "T", "DIP", "GND", "GND", "C", 70.87, 70.87, 47.2, 180],
		[64, "CN1_3", 2165, -680, "B", "DIP", "GND", "GND", "C", 70.87, 70.87, 47.2, 180],
		[65, "CN2_1", 310.4, 784.59, "T", "DIP", "MGND", "", "R", 72.83, 66.93, 39.37, 315],
		[66, "CN2_1", 310.4, 784.59, "B", "DIP", "MGND", "", "R", 72.83, 66.93, 39.37, 315],
		[67, "CN2_2", 380, 714.99, "T", "DIP", "MVDD", "", "C", 66.93, 66.93, 39.37, 315],
		[68, "CN2_2", 380, 714.99, "B", "DIP", "MVDD", "", "C", 66.93, 66.93, 39.37, 315],
		[69, "CN2_3", 449.59, 645.4, "T", "DIP", "MDATA", "", "C", 66.93, 66.93, 39.37, 315],
		[70, "CN2_3", 449.59, 645.4, "B", "DIP", "MDATA", "", "C", 66.93, 66.93, 39.37, 315],
		[71, "CN3_1", 190.4, 664.59, "T", "DIP", "MGND", "", "R", 72.83, 66.93, 39.37, 315],
		[72, "CN3_1", 190.4, 664.59, "B", "DIP", "MGND", "", "R", 72.83, 66.93, 39.37, 315],
		[73, "CN3_2", 260, 594.99, "T", "DIP", "MVDD", "", "C", 66.93, 66.93, 39.37, 315],
		[74, "CN3_2", 260, 594.99, "B", "DIP", "MVDD", "", "C", 66.93, 66.93, 39.37, 315],
		[75, "CN3_3", 329.59, 525.4, "T", "DIP", "MDATA", "", "C", 66.93, 66.93, 39.37, 315],
		[76, "CN3_3", 329.59, 525.4, "B", "DIP", "MDATA", "", "C", 66.93, 66.93, 39.37, 315],
		[77, "CN4_1", 3825, 1208.43, "T", "DIP", "MGND", "", "R", 72.83, 66.93, 39.37, 270],
		[78, "CN4_1", 3825, 1208.43, "B", "DIP", "MGND", "", "R", 72.83, 66.93, 39.37, 270],
		[79, "CN4_2", 3825, 1110, "T", "DIP", "MVDD", "", "C", 66.93, 66.93, 39.37, 270],
		[80, "CN4_2", 3825, 1110, "B", "DIP", "MVDD", "", "C", 66.93, 66.93, 39.37, 270],
		[81, "CN4_3", 3825, 1011.58, "T", "DIP", "MDATA", "", "C", 66.93, 66.93, 39.37, 270],
		[82, "CN4_3", 3825, 1011.58, "B", "DIP", "MDATA", "", "C", 66.93, 66.93, 39.37, 270],
		[83, "CN5_1", 3810, 566.57, "T", "DIP", "PGND", "", "C", 98.42, 98.42, 70.87, 90],
		[84, "CN5_1", 3810, 566.57, "B", "DIP", "PGND", "", "C", 98.42, 98.42, 70.87, 90],
		[85, "CN5_2", 3810, 763.42, "T", "DIP", "PVCC", "", "C", 98.42, 98.42, 70.87, 90],
		[86, "CN5_2", 3810, 763.42, "B", "DIP", "PVCC", "", "C", 98.42, 98.42, 70.87, 90],
		[87, "CN6_1", 3486.58, -453.15, "T", "DIP", "VCC_N", "", "C", 98.42, 98.42, 70.87, 0],
		[88, "CN6_1", 3486.58, -453.15, "B", "DIP", "VCC_N", "", "C", 98.42, 98.42, 70.87, 0],
		[89, "CN6_2", 3683.42, -453.15, "T", "DIP", "VCC_P", "", "C", 98.42, 98.42, 70.87, 0],
		[90, "CN6_2", 3683.42, -453.15, "B", "DIP", "VCC_P", "", "C", 98.42, 98.42, 70.87, 0],
		[91, "CN6_3", 3801.53, -846.85, "T", "DIP", "VCC_N", "", "C", 70.87, 70.87, 43.31, 0],
		[92, "CN6_3", 3801.53, -846.85, "B", "DIP", "VCC_N", "", "C", 70.87, 70.87, 43.31, 0],
		[93, "CN6_4", 3368.47, -846.85, "T", "DIP", "VCC_N", "", "C", 70.87, 70.87, 43.31, 0],
		[94, "CN6_4", 3368.47, -846.85, "B", "DIP", "VCC_N", "", "C", 70.87, 70.87, 43.31, 0],
		[95, "H1_1", 1575, -575, "T", "DIP", "VCC_3V3", "", "R", 66.93, 66.93, 43.31, 0],
		[96, "H1_1", 1575, -575, "B", "DIP", "VCC_3V3", "", "R", 66.93, 66.93, 43.31, 0],
		[97, "H1_2", 1675, -575, "T", "DIP", "SWDIO", "", "C", 66.93, 66.93, 43.31, 0],
		[98, "H1_2", 1675, -575, "B", "DIP", "SWDIO", "", "C", 66.93, 66.93, 43.31, 0],
		[99, "H1_3", 1775, -575, "T", "DIP", "SWCLK", "", "C", 66.93, 66.93, 43.31, 0],
		[100, "H1_3", 1775, -575, "B", "DIP", "SWCLK", "", "C", 66.93, 66.93, 43.31, 0],
		[101, "H1_4", 1875, -575, "T", "DIP", "GND", "GND", "C", 66.93, 66.93, 43.31, 0],
		[102, "H1_4", 1875, -575, "B", "DIP", "GND", "GND", "C", 66.93, 66.93, 43.31, 0],
		[103, "H2_1", 1215, -921.69, "T", "DIP", "VCC_5V", "", "R", 78.74, 78.74, 47.24, 0],
		[104, "H2_1", 1215, -921.69, "B", "DIP", "VCC_5V", "", "R", 78.74, 78.74, 47.24, 0],
		[105, "H2_2", 1315, -921.69, "T", "DIP", "VCC_5V", "", "C", 78.74, 78.74, 47.24, 0],
		[106, "H2_2", 1315, -921.69, "B", "DIP", "VCC_5V", "", "C", 78.74, 78.74, 47.24, 0],
		[107, "H3_1", 915, -921.69, "T", "DIP", "VCC_3V3", "", "R", 78.74, 78.74, 47.24, 0],
		[108, "H3_1", 915, -921.69, "B", "DIP", "VCC_3V3", "", "R", 78.74, 78.74, 47.24, 0],
		[109, "H3_2", 1015, -921.69, "T", "DIP", "VCC_3V3", "", "C", 78.74, 78.74, 47.24, 0],
		[110, "H3_2", 1015, -921.69, "B", "DIP", "VCC_3V3", "", "C", 78.74, 78.74, 47.24, 0],
		[111, "H4_1", 915, -780, "T", "DIP", "GND", "GND", "R", 78.74, 78.74, 47.24, 0],
		[112, "H4_1", 915, -780, "B", "DIP", "GND", "GND", "R", 78.74, 78.74, 47.24, 0],
		[113, "H4_2", 1015, -780, "T", "DIP", "GND", "GND", "C", 78.74, 78.74, 47.24, 0],
		[114, "H4_2", 1015, -780, "B", "DIP", "GND", "GND", "C", 78.74, 78.74, 47.24, 0],
		[115, "H5_1", 1215, -780, "T", "DIP", "GND", "GND", "R", 78.74, 78.74, 47.24, 0],
		[116, "H5_1", 1215, -780, "B", "DIP", "GND", "GND", "R", 78.74, 78.74, 47.24, 0],
		[117, "H5_2", 1315, -780, "T", "DIP", "GND", "GND", "C", 78.74, 78.74, 47.24, 0],
		[118, "H5_2", 1315, -780, "B", "DIP", "GND", "GND", "C", 78.74, 78.74, 47.24, 0],
		[119, "H6_1", 3620, 720, "T", "DIP", "PVCC", "", "R", 66.93, 66.93, 43.31, 180],
		[120, "H6_1", 3620, 720, "B", "DIP", "PVCC", "", "R", 66.93, 66.93, 43.31, 180],
		[121, "H6_2", 3520, 720, "T", "DIP", "MVDD", "", "C", 66.93, 66.93, 43.31, 180],
		[122, "H6_2", 3520, 720, "B", "DIP", "MVDD", "", "C", 66.93, 66.93, 43.31, 180],
		[123, "H6_3", 3420, 720, "T", "DIP", "VCC_5V", "", "C", 66.93, 66.93, 43.31, 180],
		[124, "H6_3", 3420, 720, "B", "DIP", "VCC_5V", "", "C", 66.93, 66.93, 43.31, 180],
		[125, "H7_1", 3620, 605, "T", "DIP", "PGND", "", "R", 66.93, 66.93, 43.31, 180],
		[126, "H7_1", 3620, 605, "B", "DIP", "PGND", "", "R", 66.93, 66.93, 43.31, 180],
		[127, "H7_2", 3520, 605, "T", "DIP", "MGND", "", "C", 66.93, 66.93, 43.31, 180],
		[128, "H7_2", 3520, 605, "B", "DIP", "MGND", "", "C", 66.93, 66.93, 43.31, 180],
		[129, "H7_3", 3420, 605, "T", "DIP", "GND", "GND", "C", 66.93, 66.93, 43.31, 180],
		[130, "H7_3", 3420, 605, "B", "DIP", "GND", "GND", "C", 66.93, 66.93, 43.31, 180],
		[131, "LED1_1", 1428.52, -785.13, "T", "SMD", "$1N1095", "", "R", 31.5, 31.5, 0, 90],
		[132, "LED1_2", 1491.48, -784.86, "T", "SMD", "VCC_5V", "", "R", 31.5, 31.5, 0, 90],
		[133, "LED2_1", 1588.52, -785.13, "T", "SMD", "$1N1084", "", "R", 31.5, 31.5, 0, 90],
		[134, "LED2_2", 1651.48, -784.86, "T", "SMD", "VCC_3V3", "", "R", 31.5, 31.5, 0, 90],
		[135, "LED3_1", 1748.52, -785.14, "T", "SMD", "$1N1088", "", "R", 31.5, 31.5, 0, 90],
		[136, "LED3_2", 1811.48, -784.86, "T", "SMD", "DEBUG_LED1", "", "R", 31.5, 31.5, 0, 90],
		[137, "LED4_1", 1908.52, -785.14, "T", "SMD", "$1N1092", "", "R", 31.5, 31.5, 0, 90],
		[138, "LED4_2", 1971.48, -784.86, "T", "SMD", "DEBUG_LED2", "", "R", 31.5, 31.5, 0, 90],
		[139, "R1_1", 2745, -159.66, "T", "SMD", "NRST", "", "R", 31.75, 34.02, 0, 90],
		[140, "R1_2", 2745, -100.34, "T", "SMD", "VCC_3V3", "", "R", 31.75, 34.02, 0, 90],
		[141, "R2_1", 2819.66, -270, "T", "SMD", "$1N612", "", "R", 31.75, 34.02, 0, 180],
		[142, "R2_2", 2760.34, -270, "T", "SMD", "VCC_3V3", "", "R", 31.75, 34.02, 0, 180],
		[143, "R3_1", 2819.66, -340, "T", "SMD", "$1N612", "", "R", 31.75, 34.02, 0, 180],
		[144, "R3_2", 2760.34, -340, "T", "SMD", "BOOT0", "", "R", 31.75, 34.02, 0, 180],
		[145, "R4_1", 2760.34, -410, "T", "SMD", "GND", "GND", "R", 31.75, 34.02, 0, 0],
		[146, "R4_2", 2819.66, -410, "T", "SMD", "$1N612", "", "R", 31.75, 34.02, 0, 0],
		[147, "R5_1", 1489.66, -860, "T", "SMD", "GND", "GND", "R", 31.75, 34.02, 0, 180],
		[148, "R5_2", 1430.34, -860, "T", "SMD", "$1N1095", "", "R", 31.75, 34.02, 0, 180],
		[149, "R6_1", 1649.66, -860, "T", "SMD", "GND", "GND", "R", 31.75, 34.02, 0, 180],
		[150, "R6_2", 1590.34, -860, "T", "SMD", "$1N1084", "", "R", 31.75, 34.02, 0, 180],
		[151, "R7_1", 1809.66, -860, "T", "SMD", "GND", "GND", "R", 31.75, 34.02, 0, 180],
		[152, "R7_2", 1750.34, -860, "T", "SMD", "$1N1088", "", "R", 31.75, 34.02, 0, 180],
		[153, "R8_1", 1969.66, -860, "T", "SMD", "GND", "GND", "R", 31.75, 34.02, 0, 180],
		[154, "R8_2", 1910.34, -860, "T", "SMD", "$1N1092", "", "R", 31.75, 34.02, 0, 180],
		[155, "R9_1", 1129.66, 570, "T", "SMD", "AIN0", "", "R", 31.75, 34.02, 0, 180],
		[156, "R9_2", 1070.34, 570, "T", "SMD", "ENC0", "", "R", 31.75, 34.02, 0, 180],
		[157, "R10_1", 1129.66, 500, "T", "SMD", "AIN1", "", "R", 31.75, 34.02, 0, 180],
		[158, "R10_2", 1070.34, 500, "T", "SMD", "ENC1", "", "R", 31.75, 34.02, 0, 180],
		[159, "R11_1", 1129.66, 360, "T", "SMD", "AIN2", "", "R", 31.75, 34.02, 0, 180],
		[160, "R11_2", 1070.34, 360, "T", "SMD", "ENC2", "", "R", 31.75, 34.02, 0, 180],
		[161, "R12_1", 1129.66, 430, "T", "SMD", "AIN3", "", "R", 31.75, 34.02, 0, 180],
		[162, "R12_2", 1070.34, 430, "T", "SMD", "ENC3", "", "R", 31.75, 34.02, 0, 180],
		[163, "R13_1", 1250.34, 120, "T", "SMD", "$2N619", "", "R", 31.75, 34.02, 0, 0],
		[164, "R13_2", 1309.66, 120, "T", "SMD", "VCC_3V3", "", "R", 31.75, 34.02, 0, 0],
		[165, "R14_1", 1129.66, 780, "T", "SMD", "AIN4", "", "R", 31.75, 34.02, 0, 180],
		[166, "R14_2", 1070.34, 780, "T", "SMD", "ENC4", "", "R", 31.75, 34.02, 0, 180],
		[167, "R15_1", 1129.66, 710, "T", "SMD", "AIN5", "", "R", 31.75, 34.02, 0, 180],
		[168, "R15_2", 1070.34, 710, "T", "SMD", "ENC5", "", "R", 31.75, 34.02, 0, 180],
		[169, "R16_1", 1129.66, 640, "T", "SMD", "AIN6", "", "R", 31.75, 34.02, 0, 180],
		[170, "R16_2", 1070.34, 640, "T", "SMD", "ENC6", "", "R", 31.75, 34.02, 0, 180],
		[171, "R17_1", 1129.66, 850, "T", "SMD", "AIN7", "", "R", 31.75, 34.02, 0, 180],
		[172, "R17_2", 1070.34, 850, "T", "SMD", "ENC7", "", "R", 31.75, 34.02, 0, 180],
		[173, "R18_1", 1374.66, 1270, "T", "SMD", "AIN8", "", "R", 31.75, 34.02, 0, 180],
		[174, "R18_2", 1315.34, 1270, "T", "SMD", "ENC8", "", "R", 31.75, 34.02, 0, 180],
		[175, "R19_1", 1374.66, 1130, "T", "SMD", "AIN9", "", "R", 31.75, 34.02, 0, 180],
		[176, "R19_2", 1315.34, 1130, "T", "SMD", "ENC9", "", "R", 31.75, 34.02, 0, 180],
		[177, "R20_1", 2365.34, 1100, "T", "SMD", "AIN10", "", "R", 31.75, 34.02, 0, 0],
		[178, "R20_2", 2424.66, 1100, "T", "SMD", "ENC10", "", "R", 31.75, 34.02, 0, 0],
		[179, "R21_1", 2365.34, 1030, "T", "SMD", "AIN11", "", "R", 31.75, 34.02, 0, 0],
		[180, "R21_2", 2424.66, 1030, "T", "SMD", "ENC11", "", "R", 31.75, 34.02, 0, 0],
		[181, "R22_1", 2345, 64.66, "T", "SMD", "SCLK", "", "R", 31.75, 34.02, 0, 270],
		[182, "R22_2", 2345, 5.34, "T", "SMD", "SPI_CLK", "", "R", 31.75, 34.02, 0, 270],
		[183, "R23_1", 2205, 64.66, "T", "SMD", "DIN", "", "R", 31.75, 34.02, 0, 270],
		[184, "R23_2", 2205, 5.34, "T", "SMD", "SPI_MOSI", "", "R", 31.75, 34.02, 0, 270],
		[185, "R24_1", 2275, 5.34, "T", "SMD", "SPI_MISO", "", "R", 31.75, 34.02, 0, 90],
		[186, "R24_2", 2275, 64.66, "T", "SMD", "DOUT", "", "R", 31.75, 34.02, 0, 90],
		[187, "R25_1", 2042.34, 320, "T", "SMD", "$2N6200", "", "R", 31.75, 34.02, 0, 0],
		[188, "R25_2", 2101.66, 320, "T", "SMD", "VCC_3V3", "", "R", 31.75, 34.02, 0, 0],
		[189, "R26_1", 2714.66, 635, "T", "SMD", "AIN12", "", "R", 31.75, 34.02, 0, 180],
		[190, "R26_2", 2655.34, 635, "T", "SMD", "ENC12", "", "R", 31.75, 34.02, 0, 180],
		[191, "R27_1", 3105.34, 490, "T", "SMD", "AIN13", "", "R", 31.75, 34.02, 0, 0],
		[192, "R27_2", 3164.66, 490, "T", "SMD", "ENC13", "", "R", 31.75, 34.02, 0, 0],
		[193, "R28_1", 3105.34, 635, "T", "SMD", "AIN14", "", "R", 31.75, 34.02, 0, 0],
		[194, "R28_2", 3164.66, 635, "T", "SMD", "ENC14", "", "R", 31.75, 34.02, 0, 0],
		[195, "R29_1", 3105.34, 780, "T", "SMD", "AIN15", "", "R", 31.75, 34.02, 0, 0],
		[196, "R29_2", 3164.66, 780, "T", "SMD", "ENC15", "", "R", 31.75, 34.02, 0, 0],
		[197, "R30_1", 1800.34, 235, "T", "SMD", "CS1", "", "R", 31.75, 34.02, 0, 0],
		[198, "R30_2", 1859.66, 235, "T", "SMD", "SPI_CS1", "", "R", 31.75, 34.02, 0, 0],
		[199, "R31_1", 1859.66, 320, "T", "SMD", "ADS1256_DRDY1", "", "R", 31.75, 34.02, 0, 180],
		[200, "R31_2", 1800.34, 320, "T", "SMD", "DRDY1", "", "R", 31.75, 34.02, 0, 180],
		[201, "R32_1", 2269.32, 235.34, "T", "SMD", "CS2", "", "R", 31.75, 34.02, 0, 180],
		[202, "R32_2", 2210, 235.34, "T", "SMD", "SPI_CS2", "", "R", 31.75, 34.02, 0, 180],
		[203, "R33_1", 2042.34, 235, "T", "SMD", "ADS1256_DRDY2", "", "R", 31.75, 34.02, 0, 0],
		[204, "R33_2", 2101.66, 235, "T", "SMD", "DRDY2", "", "R", 31.75, 34.02, 0, 0],
		[205, "R34_1", 3614.66, 410, "T", "SMD", "VCC_5V", "", "R", 31.75, 34.02, 0, 180],
		[206, "R34_2", 3555.34, 410, "T", "SMD", "VREF", "", "R", 31.75, 34.02, 0, 180],
		[207, "R35_1", 1250.34, -300, "T", "SMD", "GND", "GND", "R", 31.75, 34.02, 0, 0],
		[208, "R35_2", 1309.66, -300, "T", "SMD", "A0", "", "R", 31.75, 34.02, 0, 0],
		[209, "R36_1", 1250.34, -370, "T", "SMD", "GND", "GND", "R", 31.75, 34.02, 0, 0],
		[210, "R36_2", 1309.66, -370, "T", "SMD", "A1", "", "R", 31.75, 34.02, 0, 0],
		[211, "R37_1", 1309.66, -60, "T", "SMD", "I2C_SDA", "", "R", 31.75, 34.02, 0, 180],
		[212, "R37_2", 1250.34, -60, "T", "SMD", "VCC_3V3", "", "R", 31.75, 34.02, 0, 180],
		[213, "R38_1", 1309.66, 15, "T", "SMD", "I2C_SCL", "", "R", 31.75, 34.02, 0, 180],
		[214, "R38_2", 1250.34, 15, "T", "SMD", "VCC_3V3", "", "R", 31.75, 34.02, 0, 180],
		[215, "R39_1", 1250.34, -230, "T", "SMD", "GND", "GND", "R", 31.75, 34.02, 0, 0],
		[216, "R39_2", 1309.66, -230, "T", "SMD", "A2", "", "R", 31.75, 34.02, 0, 0],
		[217, "R40_1", 1309.66, -440, "T", "SMD", "$3N428", "", "R", 31.75, 34.02, 0, 180],
		[218, "R40_2", 1250.34, -440, "T", "SMD", "VCC_3V3", "", "R", 31.75, 34.02, 0, 180],
		[219, "R41_1", 954.66, -650, "T", "SMD", "SD3", "", "R", 31.75, 34.02, 0, 180],
		[220, "R41_2", 895.34, -650, "T", "SMD", "VCC_3V3", "", "R", 31.75, 34.02, 0, 180],
		[221, "R42_1", 954.66, -580, "T", "SMD", "SC3", "", "R", 31.75, 34.02, 0, 180],
		[222, "R42_2", 895.34, -580, "T", "SMD", "VCC_3V3", "", "R", 31.75, 34.02, 0, 180],
		[223, "R43_1", 129.66, 1130, "T", "SMD", "SD4", "", "R", 31.75, 34.02, 0, 180],
		[224, "R43_2", 70.34, 1130, "T", "SMD", "VCC_3V3", "", "R", 31.75, 34.02, 0, 180],
		[225, "R44_1", 129.66, 1200, "T", "SMD", "SC4", "", "R", 31.75, 34.02, 0, 180],
		[226, "R44_2", 70.34, 1200, "T", "SMD", "VCC_3V3", "", "R", 31.75, 34.02, 0, 180],
		[227, "R45_1", 1524.66, 1130, "T", "SMD", "SD5", "", "R", 31.75, 34.02, 0, 180],
		[228, "R45_2", 1465.34, 1130, "T", "SMD", "VCC_3V3", "", "R", 31.75, 34.02, 0, 180],
		[229, "R46_1", 1524.66, 1200, "T", "SMD", "SC5", "", "R", 31.75, 34.02, 0, 180],
		[230, "R46_2", 1465.34, 1200, "T", "SMD", "VCC_3V3", "", "R", 31.75, 34.02, 0, 180],
		[231, "R47_1", 2079.66, 1200, "T", "SMD", "SD6", "", "R", 31.75, 34.02, 0, 180],
		[232, "R47_2", 2020.34, 1200, "T", "SMD", "VCC_3V3", "", "R", 31.75, 34.02, 0, 180],
		[233, "R48_1", 2079.66, 1270, "T", "SMD", "SC6", "", "R", 31.75, 34.02, 0, 180],
		[234, "R48_2", 2020.34, 1270, "T", "SMD", "VCC_3V3", "", "R", 31.75, 34.02, 0, 180],
		[235, "R49_1", 3334.66, 1270, "T", "SMD", "SD7", "", "R", 31.75, 34.02, 0, 180],
		[236, "R49_2", 3275.34, 1270, "T", "SMD", "VCC_3V3", "", "R", 31.75, 34.02, 0, 180],
		[237, "R50_1", 3335.88, 1340, "T", "SMD", "SC7", "", "R", 31.75, 34.02, 0, 180],
		[238, "R50_2", 3276.56, 1340, "T", "SMD", "VCC_3V3", "", "R", 31.75, 34.02, 0, 180],
		[239, "U1_1", 3274.45, -221.93, "T", "SMD", "GND", "GND", "R", 98.42, 43.31, 0, 270],
		[240, "U1_2", 3365, -221.93, "T", "SMD", "VCC_3V3", "", "R", 98.42, 43.31, 0, 270],
		[241, "U1_3", 3455.55, -221.93, "T", "SMD", "VCC_5V", "", "R", 98.42, 43.31, 0, 270],
		[242, "U1_4", 3365, 11.93, "T", "SMD", "VCC_3V3", "", "R", 92.13, 141.73, 0, 270],
		[243, "U2_1", 2437.01, -390.24, "T", "SMD", "VCC_3V3", "", "O", 17.64, 66.3, 0, 90],
		[244, "U2_2", 2437.01, -358.74, "T", "SMD", "OSC_IN", "", "O", 17.64, 66.3, 0, 90],
		[245, "U2_3", 2437.01, -327.24, "T", "SMD", "OSC_OUT", "", "O", 17.64, 66.3, 0, 90],
		[246, "U2_4", 2437.01, -295.75, "T", "SMD", "NRST", "", "O", 17.64, 66.3, 0, 90],
		[247, "U2_5", 2437.01, -264.25, "T", "SMD", "VCC_3V3", "", "O", 17.64, 66.3, 0, 90],
		[248, "U2_6", 2437.01, -232.76, "T", "SMD", "U2_6", "", "O", 17.64, 66.3, 0, 90],
		[249, "U2_7", 2437.01, -201.26, "T", "SMD", "U2_7", "", "O", 17.64, 66.3, 0, 90],
		[250, "U2_8", 2437.01, -169.76, "T", "SMD", "U2_8", "", "O", 17.64, 66.3, 0, 90],
		[251, "U2_9", 2380.24, -112.99, "T", "SMD", "SPI_CS1", "", "O", 66.3, 17.64, 0, 90],
		[252, "U2_10", 2348.74, -112.99, "T", "SMD", "SPI_CS2", "", "O", 66.3, 17.64, 0, 90],
		[253, "U2_11", 2317.24, -112.99, "T", "SMD", "SPI_CLK", "", "O", 66.3, 17.64, 0, 90],
		[254, "U2_12", 2285.75, -112.99, "T", "SMD", "SPI_MISO", "", "O", 66.3, 17.64, 0, 90],
		[255, "U2_13", 2254.25, -112.99, "T", "SMD", "SPI_MOSI", "", "O", 66.3, 17.64, 0, 90],
		[256, "U2_14", 2222.76, -112.99, "T", "SMD", "ADS1256_DRDY1", "", "O", 66.3, 17.64, 0, 90],
		[257, "U2_15", 2191.26, -112.99, "T", "SMD", "ADS1256_DRDY2", "", "O", 66.3, 17.64, 0, 90],
		[258, "U2_16", 2159.76, -112.99, "T", "SMD", "GND", "GND", "O", 66.3, 17.64, 0, 90],
		[259, "U2_17", 2102.99, -169.76, "T", "SMD", "VCC_3V3", "", "O", 17.64, 66.3, 0, 90],
		[260, "U2_18", 2102.99, -201.26, "T", "SMD", "U2_18", "", "O", 17.64, 66.3, 0, 90],
		[261, "U2_19", 2102.99, -232.76, "T", "SMD", "I2C_SCL", "", "O", 17.64, 66.3, 0, 90],
		[262, "U2_20", 2102.99, -264.25, "T", "SMD", "I2C_SDA", "", "O", 17.64, 66.3, 0, 90],
		[263, "U2_21", 2102.99, -295.75, "T", "SMD", "U2_21", "", "O", 17.64, 66.3, 0, 90],
		[264, "U2_22", 2102.99, -327.24, "T", "SMD", "U2_22", "", "O", 17.64, 66.3, 0, 90],
		[265, "U2_23", 2102.99, -358.74, "T", "SMD", "SWDIO", "", "O", 17.64, 66.3, 0, 90],
		[266, "U2_24", 2102.99, -390.24, "T", "SMD", "SWCLK", "", "O", 17.64, 66.3, 0, 90],
		[267, "U2_25", 2159.76, -447.01, "T", "SMD", "U2_25", "", "O", 66.3, 17.64, 0, 90],
		[268, "U2_26", 2191.26, -447.01, "T", "SMD", "U2_26", "", "O", 66.3, 17.64, 0, 90],
		[269, "U2_27", 2222.76, -447.01, "T", "SMD", "DEBUG_LED1", "", "O", 66.3, 17.64, 0, 90],
		[270, "U2_28", 2254.25, -447.01, "T", "SMD", "DEBUG_LED2", "", "O", 66.3, 17.64, 0, 90],
		[271, "U2_29", 2285.75, -447.01, "T", "SMD", "USART1_TX", "", "O", 66.3, 17.64, 0, 90],
		[272, "U2_30", 2317.24, -447.01, "T", "SMD", "USART1_RX", "", "O", 66.3, 17.64, 0, 90],
		[273, "U2_31", 2348.74, -447.01, "T", "SMD", "BOOT0", "", "O", 66.3, 17.64, 0, 90],
		[274, "U2_32", 2380.24, -447.01, "T", "SMD", "GND", "GND", "O", 66.3, 17.64, 0, 90],
		[275, "U3_1", 1791.34, 851.03, "T", "SMD", "VCC_5V", "", "O", 14.33, 79.35, 0, 180],
		[276, "U3_2", 1765.75, 851.03, "T", "SMD", "GND", "GND", "O", 14.33, 79.35, 0, 180],
		[277, "U3_3", 1740.16, 851.03, "T", "SMD", "GND", "GND", "O", 14.33, 79.35, 0, 180],
		[278, "U3_4", 1714.57, 851.03, "T", "SMD", "VREF", "", "O", 14.33, 79.35, 0, 180],
		[279, "U3_5", 1688.98, 851.03, "T", "SMD", "GND", "GND", "O", 14.33, 79.35, 0, 180],
		[280, "U3_6", 1663.39, 851.03, "T", "SMD", "AIN0", "", "O", 14.33, 79.35, 0, 180],
		[281, "U3_7", 1637.79, 851.03, "T", "SMD", "AIN1", "", "O", 14.33, 79.35, 0, 180],
		[282, "U3_8", 1612.2, 851.03, "T", "SMD", "AIN2", "", "O", 14.33, 79.35, 0, 180],
		[283, "U3_9", 1586.61, 851.03, "T", "SMD", "AIN3", "", "O", 14.33, 79.35, 0, 180],
		[284, "U3_10", 1561.02, 851.03, "T", "SMD", "AIN4", "", "O", 14.33, 79.35, 0, 180],
		[285, "U3_11", 1535.43, 851.03, "T", "SMD", "AIN5", "", "O", 14.33, 79.35, 0, 180],
		[286, "U3_12", 1509.84, 851.03, "T", "SMD", "AIN6", "", "O", 14.33, 79.35, 0, 180],
		[287, "U3_13", 1484.25, 851.03, "T", "SMD", "AIN7", "", "O", 14.33, 79.35, 0, 180],
		[288, "U3_14", 1458.66, 851.03, "T", "SMD", "VCC_3V3", "", "O", 14.33, 79.35, 0, 180],
		[289, "U3_15", 1458.66, 578.97, "T", "SMD", "$2N619", "", "O", 14.33, 79.35, 0, 180],
		[290, "U3_16", 1484.25, 578.97, "T", "SMD", "VCC_3V3", "", "O", 14.33, 79.35, 0, 180],
		[291, "U3_17", 1509.84, 578.97, "T", "SMD", "GND", "GND", "O", 14.33, 79.35, 0, 180],
		[292, "U3_18", 1535.43, 578.97, "T", "SMD", "$2N12226", "", "O", 14.33, 79.35, 0, 180],
		[293, "U3_19", 1561.02, 578.97, "T", "SMD", "$2N12237", "", "O", 14.33, 79.35, 0, 180],
		[294, "U3_20", 1586.61, 578.97, "T", "SMD", "CS1", "", "O", 14.33, 79.35, 0, 180],
		[295, "U3_21", 1612.2, 578.97, "T", "SMD", "DRDY1", "", "O", 14.33, 79.35, 0, 180],
		[296, "U3_22", 1637.79, 578.97, "T", "SMD", "DOUT", "", "O", 14.33, 79.35, 0, 180],
		[297, "U3_23", 1663.39, 578.97, "T", "SMD", "DIN", "", "O", 14.33, 79.35, 0, 180],
		[298, "U3_24", 1688.98, 578.97, "T", "SMD", "SCLK", "", "O", 14.33, 79.35, 0, 180],
		[299, "U3_25", 1714.57, 578.97, "T", "SMD", "U3_25", "", "O", 14.33, 79.35, 0, 180],
		[300, "U3_26", 1740.16, 578.97, "T", "SMD", "U3_26", "", "O", 14.33, 79.35, 0, 180],
		[301, "U3_27", 1765.75, 578.97, "T", "SMD", "U3_27", "", "O", 14.33, 79.35, 0, 180],
		[302, "U3_28", 1791.34, 578.97, "T", "SMD", "U3_28", "", "O", 14.33, 79.35, 0, 180],
		[303, "U4_1", 2521.34, 726.03, "T", "SMD", "VCC_5V", "", "O", 14.33, 79.35, 0, 180],
		[304, "U4_2", 2495.75, 726.03, "T", "SMD", "GND", "GND", "O", 14.33, 79.35, 0, 180],
		[305, "U4_3", 2470.16, 726.03, "T", "SMD", "GND", "GND", "O", 14.33, 79.35, 0, 180],
		[306, "U4_4", 2444.57, 726.03, "T", "SMD", "VREF", "", "O", 14.33, 79.35, 0, 180],
		[307, "U4_5", 2418.98, 726.03, "T", "SMD", "GND", "GND", "O", 14.33, 79.35, 0, 180],
		[308, "U4_6", 2393.39, 726.03, "T", "SMD", "AIN8", "", "O", 14.33, 79.35, 0, 180],
		[309, "U4_7", 2367.79, 726.03, "T", "SMD", "AIN9", "", "O", 14.33, 79.35, 0, 180],
		[310, "U4_8", 2342.2, 726.03, "T", "SMD", "AIN10", "", "O", 14.33, 79.35, 0, 180],
		[311, "U4_9", 2316.61, 726.03, "T", "SMD", "AIN11", "", "O", 14.33, 79.35, 0, 180],
		[312, "U4_10", 2291.02, 726.03, "T", "SMD", "AIN12", "", "O", 14.33, 79.35, 0, 180],
		[313, "U4_11", 2265.43, 726.03, "T", "SMD", "AIN13", "", "O", 14.33, 79.35, 0, 180],
		[314, "U4_12", 2239.84, 726.03, "T", "SMD", "AIN14", "", "O", 14.33, 79.35, 0, 180],
		[315, "U4_13", 2214.25, 726.03, "T", "SMD", "AIN15", "", "O", 14.33, 79.35, 0, 180],
		[316, "U4_14", 2188.66, 726.03, "T", "SMD", "VCC_3V3", "", "O", 14.33, 79.35, 0, 180],
		[317, "U4_15", 2188.66, 453.97, "T", "SMD", "$2N6200", "", "O", 14.33, 79.35, 0, 180],
		[318, "U4_16", 2214.25, 453.97, "T", "SMD", "VCC_3V3", "", "O", 14.33, 79.35, 0, 180],
		[319, "U4_17", 2239.84, 453.97, "T", "SMD", "GND", "GND", "O", 14.33, 79.35, 0, 180],
		[320, "U4_18", 2265.43, 453.97, "T", "SMD", "$2N12302", "", "O", 14.33, 79.35, 0, 180],
		[321, "U4_19", 2291.02, 453.97, "T", "SMD", "$2N12311", "", "O", 14.33, 79.35, 0, 180],
		[322, "U4_20", 2316.61, 453.97, "T", "SMD", "CS2", "", "O", 14.33, 79.35, 0, 180],
		[323, "U4_21", 2342.2, 453.97, "T", "SMD", "DRDY2", "", "O", 14.33, 79.35, 0, 180],
		[324, "U4_22", 2367.79, 453.97, "T", "SMD", "DOUT", "", "O", 14.33, 79.35, 0, 180],
		[325, "U4_23", 2393.39, 453.97, "T", "SMD", "DIN", "", "O", 14.33, 79.35, 0, 180],
		[326, "U4_24", 2418.98, 453.97, "T", "SMD", "SCLK", "", "O", 14.33, 79.35, 0, 180],
		[327, "U4_25", 2444.57, 453.97, "T", "SMD", "U4_25", "", "O", 14.33, 79.35, 0, 180],
		[328, "U4_26", 2470.16, 453.97, "T", "SMD", "U4_26", "", "O", 14.33, 79.35, 0, 180],
		[329, "U4_27", 2495.75, 453.97, "T", "SMD", "U4_27", "", "O", 14.33, 79.35, 0, 180],
		[330, "U4_28", 2521.34, 453.97, "T", "SMD", "U4_28", "", "O", 14.33, 79.35, 0, 180],
		[331, "U5_1", 3622.4, 299.37, "T", "SMD", "VREF", "", "R", 49.21, 27.56, 0, 90],
		[332, "U5_2", 3547.6, 299.37, "T", "SMD", "VREF", "", "R", 49.21, 27.56, 0, 90],
		[333, "U5_3", 3585, 220.63, "T", "SMD", "GND", "GND", "R", 49.21, 27.56, 0, 90],
		[334, "U6_1", 1584.26, -384, "T", "SMD", "A0", "", "R", 15.75, 64.96, 0, 0],
		[335, "U6_2", 1609.85, -384, "T", "SMD", "A1", "", "R", 15.75, 64.96, 0, 0],
		[336, "U6_3", 1635.44, -384, "T", "SMD", "$3N428", "", "R", 15.75, 64.96, 0, 0],
		[337, "U6_4", 1661.03, -384, "T", "SMD", "U6_4", "", "R", 15.75, 64.96, 0, 0],
		[338, "U6_5", 1686.62, -384, "T", "SMD", "U6_5", "", "R", 15.75, 64.96, 0, 0],
		[339, "U6_6", 1712.21, -384, "T", "SMD", "U6_6", "", "R", 15.75, 64.96, 0, 0],
		[340, "U6_7", 1737.79, -384, "T", "SMD", "U6_7", "", "R", 15.75, 64.96, 0, 0],
		[341, "U6_8", 1763.39, -384, "T", "SMD", "U6_8", "", "R", 15.75, 64.96, 0, 0],
		[342, "U6_9", 1788.98, -384, "T", "SMD", "U6_9", "", "R", 15.75, 64.96, 0, 0],
		[343, "U6_10", 1814.57, -384, "T", "SMD", "SD3", "", "R", 15.75, 64.96, 0, 0],
		[344, "U6_11", 1840.16, -384, "T", "SMD", "SC3", "", "R", 15.75, 64.96, 0, 0],
		[345, "U6_12", 1865.74, -384, "T", "SMD", "GND", "GND", "R", 15.75, 64.96, 0, 0],
		[346, "U6_13", 1865.74, -146, "T", "SMD", "SD4", "", "R", 15.75, 64.96, 0, 0],
		[347, "U6_14", 1840.16, -146, "T", "SMD", "SC4", "", "R", 15.75, 64.96, 0, 0],
		[348, "U6_15", 1814.57, -146, "T", "SMD", "SD5", "", "R", 15.75, 64.96, 0, 0],
		[349, "U6_16", 1788.98, -146, "T", "SMD", "SC5", "", "R", 15.75, 64.96, 0, 0],
		[350, "U6_17", 1763.39, -146, "T", "SMD", "SD6", "", "R", 15.75, 64.96, 0, 0],
		[351, "U6_18", 1737.79, -146, "T", "SMD", "SC6", "", "R", 15.75, 64.96, 0, 0],
		[352, "U6_19", 1712.21, -146, "T", "SMD", "SD7", "", "R", 15.75, 64.96, 0, 0],
		[353, "U6_20", 1686.62, -146, "T", "SMD", "SC7", "", "R", 15.75, 64.96, 0, 0],
		[354, "U6_21", 1661.03, -146, "T", "SMD", "A2", "", "R", 15.75, 64.96, 0, 0],
		[355, "U6_22", 1635.44, -146, "T", "SMD", "I2C_SCL", "", "R", 15.75, 64.96, 0, 0],
		[356, "U6_23", 1609.85, -146, "T", "SMD", "I2C_SDA", "", "R", 15.75, 64.96, 0, 0],
		[357, "U6_24", 1584.26, -146, "T", "SMD", "VCC_3V3", "", "R", 15.75, 64.96, 0, 0],
		[358, "U7_1", 1025.63, -362.52, "T", "SMD", "$3N4299", "", "R", 11.81, 51.18, 0, 0],
		[359, "U7_2", 1045.32, -362.52, "T", "SMD", "SC3", "", "R", 11.81, 51.18, 0, 0],
		[360, "U7_3", 1064.99, -362.52, "T", "SMD", "SD3", "", "R", 11.81, 51.18, 0, 0],
		[361, "U7_4", 1084.68, -362.52, "T", "SMD", "GND", "GND", "R", 11.81, 51.18, 0, 0],
		[362, "U7_5", 1104.38, -362.52, "T", "SMD", "VCC_3V3", "", "R", 11.81, 51.18, 0, 0],
		[363, "U7_6", 1104.37, -177.48, "T", "SMD", "VCC_3V3", "", "R", 11.81, 51.18, 0, 0],
		[364, "U7_7", 1084.68, -177.48, "T", "SMD", "LRA0_P", "", "R", 11.81, 51.18, 0, 0],
		[365, "U7_8", 1065.01, -177.48, "T", "SMD", "GND", "GND", "R", 11.81, 51.18, 0, 0],
		[366, "U7_9", 1045.32, -177.48, "T", "SMD", "LRA0_N", "", "R", 11.81, 51.18, 0, 0],
		[367, "U7_10", 1025.63, -177.48, "T", "SMD", "VCC_3V3", "", "R", 11.81, 51.18, 0, 0],
		[368, "U8_1", 277.48, 1269.37, "T", "SMD", "$3N4649", "", "R", 11.81, 51.18, 0, 270],
		[369, "U8_2", 277.48, 1249.68, "T", "SMD", "SC4", "", "R", 11.81, 51.18, 0, 270],
		[370, "U8_3", 277.48, 1230.01, "T", "SMD", "SD4", "", "R", 11.81, 51.18, 0, 270],
		[371, "U8_4", 277.48, 1210.32, "T", "SMD", "GND", "GND", "R", 11.81, 51.18, 0, 270],
		[372, "U8_5", 277.48, 1190.63, "T", "SMD", "VCC_3V3", "", "R", 11.81, 51.18, 0, 270],
		[373, "U8_6", 462.52, 1190.63, "T", "SMD", "VCC_3V3", "", "R", 11.81, 51.18, 0, 270],
		[374, "U8_7", 462.52, 1210.32, "T", "SMD", "LRA1_P", "", "R", 11.81, 51.18, 0, 270],
		[375, "U8_8", 462.52, 1229.99, "T", "SMD", "GND", "GND", "R", 11.81, 51.18, 0, 270],
		[376, "U8_9", 462.52, 1249.68, "T", "SMD", "LRA1_N", "", "R", 11.81, 51.18, 0, 270],
		[377, "U8_10", 462.52, 1269.38, "T", "SMD", "VCC_3V3", "", "R", 11.81, 51.18, 0, 270],
		[378, "U9_1", 1667.48, 1269.37, "T", "SMD", "$3N4999", "", "R", 11.81, 51.18, 0, 270],
		[379, "U9_2", 1667.48, 1249.68, "T", "SMD", "SC5", "", "R", 11.81, 51.18, 0, 270],
		[380, "U9_3", 1667.48, 1230.01, "T", "SMD", "SD5", "", "R", 11.81, 51.18, 0, 270],
		[381, "U9_4", 1667.48, 1210.32, "T", "SMD", "GND", "GND", "R", 11.81, 51.18, 0, 270],
		[382, "U9_5", 1667.48, 1190.63, "T", "SMD", "VCC_3V3", "", "R", 11.81, 51.18, 0, 270],
		[383, "U9_6", 1852.52, 1190.63, "T", "SMD", "VCC_3V3", "", "R", 11.81, 51.18, 0, 270],
		[384, "U9_7", 1852.52, 1210.32, "T", "SMD", "LRA2_P", "", "R", 11.81, 51.18, 0, 270],
		[385, "U9_8", 1852.52, 1229.99, "T", "SMD", "GND", "GND", "R", 11.81, 51.18, 0, 270],
		[386, "U9_9", 1852.52, 1249.68, "T", "SMD", "LRA2_N", "", "R", 11.81, 51.18, 0, 270],
		[387, "U9_10", 1852.52, 1269.38, "T", "SMD", "VCC_3V3", "", "R", 11.81, 51.18, 0, 270],
		[388, "U10_1", 2217.48, 1269.37, "T", "SMD", "$3N5647", "", "R", 11.81, 51.18, 0, 270],
		[389, "U10_2", 2217.48, 1249.68, "T", "SMD", "SC6", "", "R", 11.81, 51.18, 0, 270],
		[390, "U10_3", 2217.48, 1230.01, "T", "SMD", "SD6", "", "R", 11.81, 51.18, 0, 270],
		[391, "U10_4", 2217.48, 1210.32, "T", "SMD", "GND", "GND", "R", 11.81, 51.18, 0, 270],
		[392, "U10_5", 2217.48, 1190.63, "T", "SMD", "VCC_3V3", "", "R", 11.81, 51.18, 0, 270],
		[393, "U10_6", 2402.52, 1190.63, "T", "SMD", "VCC_3V3", "", "R", 11.81, 51.18, 0, 270],
		[394, "U10_7", 2402.52, 1210.32, "T", "SMD", "LRA3_P", "", "R", 11.81, 51.18, 0, 270],
		[395, "U10_8", 2402.52, 1229.99, "T", "SMD", "GND", "GND", "R", 11.81, 51.18, 0, 270],
		[396, "U10_9", 2402.52, 1249.68, "T", "SMD", "LRA3_N", "", "R", 11.81, 51.18, 0, 270],
		[397, "U10_10", 2402.52, 1269.38, "T", "SMD", "VCC_3V3", "", "R", 11.81, 51.18, 0, 270],
		[398, "U11_1", 3452.48, 1269.37, "T", "SMD", "$3N5690", "", "R", 11.81, 51.18, 0, 270],
		[399, "U11_2", 3452.48, 1249.68, "T", "SMD", "SC7", "", "R", 11.81, 51.18, 0, 270],
		[400, "U11_3", 3452.48, 1230.01, "T", "SMD", "SD7", "", "R", 11.81, 51.18, 0, 270],
		[401, "U11_4", 3452.48, 1210.32, "T", "SMD", "GND", "GND", "R", 11.81, 51.18, 0, 270],
		[402, "U11_5", 3452.48, 1190.63, "T", "SMD", "VCC_3V3", "", "R", 11.81, 51.18, 0, 270],
		[403, "U11_6", 3637.52, 1190.63, "T", "SMD", "VCC_3V3", "", "R", 11.81, 51.18, 0, 270],
		[404, "U11_7", 3637.52, 1210.32, "T", "SMD", "LRA4_P", "", "R", 11.81, 51.18, 0, 270],
		[405, "U11_8", 3637.52, 1229.99, "T", "SMD", "GND", "GND", "R", 11.81, 51.18, 0, 270],
		[406, "U11_9", 3637.52, 1249.68, "T", "SMD", "LRA4_N", "", "R", 11.81, 51.18, 0, 270],
		[407, "U11_10", 3637.52, 1269.38, "T", "SMD", "VCC_3V3", "", "R", 11.81, 51.18, 0, 270],
		[408, "U12_1", 604.32, 510.68, "T", "DIP", "VCC_3V3", "", "R", 60, 60, 35.43, 315],
		[409, "U12_1", 604.32, 510.68, "B", "DIP", "VCC_3V3", "", "R", 60, 60, 35.43, 315],
		[410, "U12_2", 660, 455, "T", "DIP", "ENC0", "", "C", 60, 60, 35.43, 315],
		[411, "U12_2", 660, 455, "B", "DIP", "ENC0", "", "C", 60, 60, 35.43, 315],
		[412, "U12_3", 715.68, 399.32, "T", "DIP", "GND", "GND", "C", 60, 60, 35.43, 315],
		[413, "U12_3", 715.68, 399.32, "B", "DIP", "GND", "GND", "C", 60, 60, 35.43, 315],
		[414, "U13_1", 459.32, 365.68, "T", "DIP", "VCC_3V3", "", "R", 60, 60, 35.43, 315],
		[415, "U13_1", 459.32, 365.68, "B", "DIP", "VCC_3V3", "", "R", 60, 60, 35.43, 315],
		[416, "U13_2", 515, 310, "T", "DIP", "ENC1", "", "C", 60, 60, 35.43, 315],
		[417, "U13_2", 515, 310, "B", "DIP", "ENC1", "", "C", 60, 60, 35.43, 315],
		[418, "U13_3", 570.68, 254.32, "T", "DIP", "GND", "GND", "C", 60, 60, 35.43, 315],
		[419, "U13_3", 570.68, 254.32, "B", "DIP", "GND", "GND", "C", 60, 60, 35.43, 315],
		[420, "U14_1", 849.32, 265.68, "T", "DIP", "VCC_3V3", "", "R", 60, 60, 35.43, 315],
		[421, "U14_1", 849.32, 265.68, "B", "DIP", "VCC_3V3", "", "R", 60, 60, 35.43, 315],
		[422, "U14_2", 905, 210, "T", "DIP", "ENC2", "", "C", 60, 60, 35.43, 315],
		[423, "U14_2", 905, 210, "B", "DIP", "ENC2", "", "C", 60, 60, 35.43, 315],
		[424, "U14_3", 960.68, 154.32, "T", "DIP", "GND", "GND", "C", 60, 60, 35.43, 315],
		[425, "U14_3", 960.68, 154.32, "B", "DIP", "GND", "GND", "C", 60, 60, 35.43, 315],
		[426, "U15_1", 704.32, 120.68, "T", "DIP", "VCC_3V3", "", "R", 60, 60, 35.43, 315],
		[427, "U15_1", 704.32, 120.68, "B", "DIP", "VCC_3V3", "", "R", 60, 60, 35.43, 315],
		[428, "U15_2", 760, 65, "T", "DIP", "ENC3", "", "C", 60, 60, 35.43, 315],
		[429, "U15_2", 760, 65, "B", "DIP", "ENC3", "", "C", 60, 60, 35.43, 315],
		[430, "U15_3", 815.68, 9.32, "T", "DIP", "GND", "GND", "C", 60, 60, 35.43, 315],
		[431, "U15_3", 815.68, 9.32, "B", "DIP", "GND", "GND", "C", 60, 60, 35.43, 315],
		[432, "U16_1", 888.23, -284.68, "T", "SMD", "LRA0_P", "", "R", 19.68, 55.12, 0, 90],
		[433, "U16_2", 888.23, -245.31, "T", "SMD", "LRA0_N", "", "R", 19.68, 55.12, 0, 90],
		[434, "U16_3", 791.77, -202.01, "T", "SMD", "GND", "GND", "R", 47.24, 78.74, 0, 90],
		[435, "U16_4", 791.77, -327.99, "T", "SMD", "GND", "GND", "R", 47.24, 78.74, 0, 90],
		[436, "U17_1", 345.32, 1381.77, "T", "SMD", "LRA1_P", "", "R", 19.68, 55.12, 0, 0],
		[437, "U17_2", 384.69, 1381.77, "T", "SMD", "LRA1_N", "", "R", 19.68, 55.12, 0, 0],
		[438, "U17_3", 427.99, 1478.23, "T", "SMD", "GND", "GND", "R", 47.24, 78.74, 0, 0],
		[439, "U17_4", 302.01, 1478.23, "T", "SMD", "GND", "GND", "R", 47.24, 78.74, 0, 0],
		[440, "U18_1", 661.26, 1450, "T", "DIP", "VCC_3V3", "", "R", 60, 60, 35.43, 0],
		[441, "U18_1", 661.26, 1450, "B", "DIP", "VCC_3V3", "", "R", 60, 60, 35.43, 0],
		[442, "U18_2", 740, 1450, "T", "DIP", "ENC4", "", "C", 60, 60, 35.43, 0],
		[443, "U18_2", 740, 1450, "B", "DIP", "ENC4", "", "C", 60, 60, 35.43, 0],
		[444, "U18_3", 818.74, 1450, "T", "DIP", "GND", "GND", "C", 60, 60, 35.43, 0],
		[445, "U18_3", 818.74, 1450, "B", "DIP", "GND", "GND", "C", 60, 60, 35.43, 0],
		[446, "U19_1", 661.26, 1245, "T", "DIP", "VCC_3V3", "", "R", 60, 60, 35.43, 0],
		[447, "U19_1", 661.26, 1245, "B", "DIP", "VCC_3V3", "", "R", 60, 60, 35.43, 0],
		[448, "U19_2", 740, 1245, "T", "DIP", "ENC5", "", "C", 60, 60, 35.43, 0],
		[449, "U19_2", 740, 1245, "B", "DIP", "ENC5", "", "C", 60, 60, 35.43, 0],
		[450, "U19_3", 818.74, 1245, "T", "DIP", "GND", "GND", "C", 60, 60, 35.43, 0],
		[451, "U19_3", 818.74, 1245, "B", "DIP", "GND", "GND", "C", 60, 60, 35.43, 0],
		[452, "U20_1", 661.26, 1040, "T", "DIP", "VCC_3V3", "", "R", 60, 60, 35.43, 0],
		[453, "U20_1", 661.26, 1040, "B", "DIP", "VCC_3V3", "", "R", 60, 60, 35.43, 0],
		[454, "U20_2", 740, 1040, "T", "DIP", "ENC6", "", "C", 60, 60, 35.43, 0],
		[455, "U20_2", 740, 1040, "B", "DIP", "ENC6", "", "C", 60, 60, 35.43, 0],
		[456, "U20_3", 818.74, 1040, "T", "DIP", "GND", "GND", "C", 60, 60, 35.43, 0],
		[457, "U20_3", 818.74, 1040, "B", "DIP", "GND", "GND", "C", 60, 60, 35.43, 0],
		[458, "U21_1", 1006.26, 1450, "T", "DIP", "VCC_3V3", "", "R", 60, 60, 35.43, 0],
		[459, "U21_1", 1006.26, 1450, "B", "DIP", "VCC_3V3", "", "R", 60, 60, 35.43, 0],
		[460, "U21_2", 1085, 1450, "T", "DIP", "ENC7", "", "C", 60, 60, 35.43, 0],
		[461, "U21_2", 1085, 1450, "B", "DIP", "ENC7", "", "C", 60, 60, 35.43, 0],
		[462, "U21_3", 1163.74, 1450, "T", "DIP", "GND", "GND", "C", 60, 60, 35.43, 0],
		[463, "U21_3", 1163.74, 1450, "B", "DIP", "GND", "GND", "C", 60, 60, 35.43, 0],
		[464, "U22_1", 1400.32, 1381.77, "T", "SMD", "LRA2_P", "", "R", 19.68, 55.12, 0, 0],
		[465, "U22_2", 1439.69, 1381.77, "T", "SMD", "LRA2_N", "", "R", 19.68, 55.12, 0, 0],
		[466, "U22_3", 1482.99, 1478.23, "T", "SMD", "GND", "GND", "R", 47.24, 78.74, 0, 0],
		[467, "U22_4", 1357.01, 1478.23, "T", "SMD", "GND", "GND", "R", 47.24, 78.74, 0, 0],
		[468, "U23_1", 2290.32, 1381.77, "T", "SMD", "LRA3_P", "", "R", 19.68, 55.12, 0, 0],
		[469, "U23_2", 2329.69, 1381.77, "T", "SMD", "LRA3_N", "", "R", 19.68, 55.12, 0, 0],
		[470, "U23_3", 2372.99, 1478.23, "T", "SMD", "GND", "GND", "R", 47.24, 78.74, 0, 0],
		[471, "U23_4", 2247.01, 1478.23, "T", "SMD", "GND", "GND", "R", 47.24, 78.74, 0, 0],
		[472, "U24_1", 1006.26, 1245, "T", "DIP", "VCC_3V3", "", "R", 60, 60, 35.43, 0],
		[473, "U24_1", 1006.26, 1245, "B", "DIP", "VCC_3V3", "", "R", 60, 60, 35.43, 0],
		[474, "U24_2", 1085, 1245, "T", "DIP", "ENC8", "", "C", 60, 60, 35.43, 0],
		[475, "U24_2", 1085, 1245, "B", "DIP", "ENC8", "", "C", 60, 60, 35.43, 0],
		[476, "U24_3", 1163.74, 1245, "T", "DIP", "GND", "GND", "C", 60, 60, 35.43, 0],
		[477, "U24_3", 1163.74, 1245, "B", "DIP", "GND", "GND", "C", 60, 60, 35.43, 0],
		[478, "U25_1", 1006.26, 1040, "T", "DIP", "VCC_3V3", "", "R", 60, 60, 35.43, 0],
		[479, "U25_1", 1006.26, 1040, "B", "DIP", "VCC_3V3", "", "R", 60, 60, 35.43, 0],
		[480, "U25_2", 1085, 1040, "T", "DIP", "ENC9", "", "C", 60, 60, 35.43, 0],
		[481, "U25_2", 1085, 1040, "B", "DIP", "ENC9", "", "C", 60, 60, 35.43, 0],
		[482, "U25_3", 1163.74, 1040, "T", "DIP", "GND", "GND", "C", 60, 60, 35.43, 0],
		[483, "U25_3", 1163.74, 1040, "B", "DIP", "GND", "GND", "C", 60, 60, 35.43, 0],
		[484, "U26_1", 2581.26, 1450, "T", "DIP", "VCC_3V3", "", "R", 60, 60, 35.43, 0],
		[485, "U26_1", 2581.26, 1450, "B", "DIP", "VCC_3V3", "", "R", 60, 60, 35.43, 0],
		[486, "U26_2", 2660, 1450, "T", "DIP", "ENC10", "", "C", 60, 60, 35.43, 0],
		[487, "U26_2", 2660, 1450, "B", "DIP", "ENC10", "", "C", 60, 60, 35.43, 0],
		[488, "U26_3", 2738.74, 1450, "T", "DIP", "GND", "GND", "C", 60, 60, 35.43, 0],
		[489, "U26_3", 2738.74, 1450, "B", "DIP", "GND", "GND", "C", 60, 60, 35.43, 0],
		[490, "U27_1", 2581.26, 1245, "T", "DIP", "VCC_3V3", "", "R", 60, 60, 35.43, 0],
		[491, "U27_1", 2581.26, 1245, "B", "DIP", "VCC_3V3", "", "R", 60, 60, 35.43, 0],
		[492, "U27_2", 2660, 1245, "T", "DIP", "ENC11", "", "C", 60, 60, 35.43, 0],
		[493, "U27_2", 2660, 1245, "B", "DIP", "ENC11", "", "C", 60, 60, 35.43, 0],
		[494, "U27_3", 2738.74, 1245, "T", "DIP", "GND", "GND", "C", 60, 60, 35.43, 0],
		[495, "U27_3", 2738.74, 1245, "B", "DIP", "GND", "GND", "C", 60, 60, 35.43, 0],
		[496, "U28_1", 3520.32, 1381.77, "T", "SMD", "LRA4_P", "", "R", 19.68, 55.12, 0, 0],
		[497, "U28_2", 3559.69, 1381.77, "T", "SMD", "LRA4_N", "", "R", 19.68, 55.12, 0, 0],
		[498, "U28_3", 3602.99, 1478.23, "T", "SMD", "GND", "GND", "R", 47.24, 78.74, 0, 0],
		[499, "U28_4", 3477.01, 1478.23, "T", "SMD", "GND", "GND", "R", 47.24, 78.74, 0, 0],
		[500, "U29_1", 2581.26, 1040, "T", "DIP", "VCC_3V3", "", "R", 60, 60, 35.43, 0],
		[501, "U29_1", 2581.26, 1040, "B", "DIP", "VCC_3V3", "", "R", 60, 60, 35.43, 0],
		[502, "U29_2", 2660, 1040, "T", "DIP", "ENC12", "", "C", 60, 60, 35.43, 0],
		[503, "U29_2", 2660, 1040, "B", "DIP", "ENC12", "", "C", 60, 60, 35.43, 0],
		[504, "U29_3", 2738.74, 1040, "T", "DIP", "GND", "GND", "C", 60, 60, 35.43, 0],
		[505, "U29_3", 2738.74, 1040, "B", "DIP", "GND", "GND", "C", 60, 60, 35.43, 0],
		[506, "U30_1", 2926.26, 1450, "T", "DIP", "VCC_3V3", "", "R", 60, 60, 35.43, 0],
		[507, "U30_1", 2926.26, 1450, "B", "DIP", "VCC_3V3", "", "R", 60, 60, 35.43, 0],
		[508, "U30_2", 3005, 1450, "T", "DIP", "ENC13", "", "C", 60, 60, 35.43, 0],
		[509, "U30_2", 3005, 1450, "B", "DIP", "ENC13", "", "C", 60, 60, 35.43, 0],
		[510, "U30_3", 3083.74, 1450, "T", "DIP", "GND", "GND", "C", 60, 60, 35.43, 0],
		[511, "U30_3", 3083.74, 1450, "B", "DIP", "GND", "GND", "C", 60, 60, 35.43, 0],
		[512, "U31_1", 2926.26, 1245, "T", "DIP", "VCC_3V3", "", "R", 60, 60, 35.43, 0],
		[513, "U31_1", 2926.26, 1245, "B", "DIP", "VCC_3V3", "", "R", 60, 60, 35.43, 0],
		[514, "U31_2", 3005, 1245, "T", "DIP", "ENC14", "", "C", 60, 60, 35.43, 0],
		[515, "U31_2", 3005, 1245, "B", "DIP", "ENC14", "", "C", 60, 60, 35.43, 0],
		[516, "U31_3", 3083.74, 1245, "T", "DIP", "GND", "GND", "C", 60, 60, 35.43, 0],
		[517, "U31_3", 3083.74, 1245, "B", "DIP", "GND", "GND", "C", 60, 60, 35.43, 0],
		[518, "U32_1", 2926.26, 1040, "T", "DIP", "VCC_3V3", "", "R", 60, 60, 35.43, 0],
		[519, "U32_1", 2926.26, 1040, "B", "DIP", "VCC_3V3", "", "R", 60, 60, 35.43, 0],
		[520, "U32_2", 3005, 1040, "T", "DIP", "ENC15", "", "C", 60, 60, 35.43, 0],
		[521, "U32_2", 3005, 1040, "B", "DIP", "ENC15", "", "C", 60, 60, 35.43, 0],
		[522, "U32_3", 3083.74, 1040, "T", "DIP", "GND", "GND", "C", 60, 60, 35.43, 0],
		[523, "U32_3", 3083.74, 1040, "B", "DIP", "GND", "GND", "C", 60, 60, 35.43, 0],
		[524, "U33_1", 3057.48, -871.18, "T", "DIP", "VCC_N", "", "R", 74.8, 74.8, 47.24, 180],
		[525, "U33_1", 3057.48, -871.18, "B", "DIP", "VCC_N", "", "R", 74.8, 74.8, 47.24, 180],
		[526, "U33_2", 2900, -871.18, "T", "DIP", "GND", "GND", "C", 74.8, 74.8, 47.24, 180],
		[527, "U33_2", 2900, -871.18, "B", "DIP", "GND", "GND", "C", 74.8, 74.8, 47.24, 180],
		[528, "U33_3", 2742.52, -871.18, "T", "DIP", "U33_3", "", "C", 74.8, 74.8, 47.24, 180],
		[529, "U33_3", 2742.52, -871.18, "B", "DIP", "U33_3", "", "C", 74.8, 74.8, 47.24, 180],
		[530, "U33_4", 3057.48, -768.82, "T", "DIP", "VCC_P", "", "C", 74.8, 74.8, 47.24, 180],
		[531, "U33_4", 3057.48, -768.82, "B", "DIP", "VCC_P", "", "C", 74.8, 74.8, 47.24, 180],
		[532, "U33_5", 2900, -768.82, "T", "DIP", "VCC_5V", "", "C", 74.8, 74.8, 47.24, 180],
		[533, "U33_5", 2900, -768.82, "B", "DIP", "VCC_5V", "", "C", 74.8, 74.8, 47.24, 180],
		[534, "U33_6", 2742.52, -768.82, "T", "DIP", "U33_6", "", "C", 74.8, 74.8, 47.24, 180],
		[535, "U33_6", 2742.52, -768.82, "B", "DIP", "U33_6", "", "C", 74.8, 74.8, 47.24, 180],
		[536, "U33_7", 3224.8, -820, "T", "DIP", "GND", "GND", "O", 55.12, 118.11, 90.55, 180],
		[537, "U33_7", 3224.8, -820, "B", "DIP", "GND", "GND", "O", 55.12, 118.11, 90.55, 180],
		[538, "U33_8", 2575.2, -820, "T", "DIP", "GND", "GND", "O", 55.12, 118.11, 90.55, 180],
		[539, "U33_8", 2575.2, -820, "B", "DIP", "GND", "GND", "O", 55.12, 118.11, 90.55, 180],
		[540, "X1_1", 2610, -392.24, "T", "SMD", "OSC_IN", "", "R", 19.68, 59.05, 0, 90],
		[541, "X1_2", 2610, -345, "T", "SMD", "GND", "GND", "R", 19.68, 59.05, 0, 90],
		[542, "X1_3", 2610, -297.76, "T", "SMD", "OSC_OUT", "", "R", 19.68, 59.05, 0, 90],
		[543, "X2_1", 1557.24, 455, "T", "SMD", "$2N12237", "", "R", 19.68, 59.05, 0, 180],
		[544, "X2_2", 1510, 455, "T", "SMD", "GND", "GND", "R", 19.68, 59.05, 0, 180],
		[545, "X2_3", 1462.76, 455, "T", "SMD", "$2N12226", "", "R", 19.68, 59.05, 0, 180],
		[546, "X3_1", 2287.24, 320, "T", "SMD", "$2N12311", "", "R", 19.68, 59.05, 0, 180],
		[547, "X3_2", 2240, 320, "T", "SMD", "GND", "GND", "R", 19.68, 59.05, 0, 180],
		[548, "X3_3", 2192.76, 320, "T", "SMD", "$2N12302", "", "R", 19.68, 59.05, 0, 180],
		[549, "PAD1_1", 1970, 968.74, "T", "DIP", "GND", "GND", "C", 275.59, 275.59, 165.35, 0],
		[550, "PAD1_1", 1970, 968.74, "B", "DIP", "GND", "GND", "C", 275.59, 275.59, 165.35, 0],
		[551, "PAD2_1", 1576.3, 240.39, "T", "DIP", "GND", "GND", "C", 275.59, 275.59, 165.35, 0],
		[552, "PAD2_1", 1576.3, 240.39, "B", "DIP", "GND", "GND", "C", 275.59, 275.59, 165.35, 0],
		[553, "PAD3_1", 2757.4, 240.39, "T", "DIP", "GND", "GND", "C", 275.59, 275.59, 165.35, 0],
		[554, "PAD3_1", 2757.4, 240.39, "B", "DIP", "GND", "GND", "C", 275.59, 275.59, 165.35, 0]
	]
}
}